{
  "timestamp": "2026-01-08T02:13:10.379787",
  "categories": {
    "Numbers": {
      "1": {
        "tests": [
          {
            "expected": "1",
            "predicted": "Kuning",
            "correct": false,
            "confidence": 0.6833615303039551,
            "top3": [
              [
                "Kuning",
                0.6833615303039551
              ],
              [
                "1",
                0.18869081139564514
              ],
              [
                "Idle",
                0.05024745687842369
              ]
            ],
            "all_probabilities": {
              "1": 0.18869081139564514,
              "2": 0.007431264966726303,
              "3": 0.0008445786661468446,
              "4": 0.00022824053303338587,
              "5": 2.8654831112362444e-05,
              "A": 0.002090015448629856,
              "B": 6.553369075845694e-06,
              "Biru": 6.92419707775116e-05,
              "C": 5.632801548927091e-05,
              "D": 0.0004079226346220821,
              "E": 0.00019251259800512344,
              "Hijau": 0.04870033636689186,
              "Hitam": 0.002522618742659688,
              "Idle": 0.05024745687842369,
              "Kuning": 0.6833615303039551,
              "Merah": 0.007825272157788277,
              "Sama-sama": 0.0017963933059945703,
              "Selamat malam": 0.003077554516494274,
              "Selamat pagi": 0.00016062740178313106,
              "Selamat petang": 0.002125760540366173,
              "Terima kasih": 0.00013619587116409093
            },
            "capture_time": 1.706266164779663,
            "analysis": {
              "mean_z_score": 0.784130512431007,
              "max_z_score": 3.840968183295794,
              "live_left_hand_rate": 0.0,
              "live_right_hand_rate": 0.5333333333333333,
              "train_left_hand_rate": 0.0,
              "train_right_hand_rate": 0.5933333333333334,
              "pose_diff": 1.1096599456732255,
              "left_hand_diff": 0.0,
              "right_hand_diff": 0.8861993552116514
            },
            "sequence_stats": {
              "left_hand_detected_frames": 0,
              "right_hand_detected_frames": 16,
              "total_frames": 30
            }
          },
          {
            "expected": "1",
            "predicted": "1",
            "correct": true,
            "confidence": 0.4766892194747925,
            "top3": [
              [
                "1",
                0.4766892194747925
              ],
              [
                "Kuning",
                0.46505028009414673
              ],
              [
                "Hijau",
                0.015052981674671173
              ]
            ],
            "all_probabilities": {
              "1": 0.4766892194747925,
              "2": 0.010199341922998428,
              "3": 0.0010678676189854741,
              "4": 0.0003175083256792277,
              "5": 3.110816396656446e-05,
              "A": 0.004032348748296499,
              "B": 5.356752353691263e-06,
              "Biru": 5.015623537474312e-05,
              "C": 9.062282333616167e-05,
              "D": 0.0006275475607253611,
              "E": 0.00035045278491452336,
              "Hijau": 0.015052981674671173,
              "Hitam": 0.0008302724454551935,
              "Idle": 0.01237754337489605,
              "Kuning": 0.46505028009414673,
              "Merah": 0.006880657281726599,
              "Sama-sama": 0.0014995206147432327,
              "Selamat malam": 0.0017578928964212537,
              "Selamat pagi": 0.00011988811456831172,
              "Selamat petang": 0.0028454626444727182,
              "Terima kasih": 0.00012398511171340942
            },
            "capture_time": 1.8864214420318604,
            "analysis": {
              "mean_z_score": 0.7446957643039078,
              "max_z_score": 3.4807524433830896,
              "live_left_hand_rate": 0.0,
              "live_right_hand_rate": 0.5666666666666667,
              "train_left_hand_rate": 0.0,
              "train_right_hand_rate": 0.5933333333333334,
              "pose_diff": 1.0840623945658545,
              "left_hand_diff": 0.0,
              "right_hand_diff": 0.7783376366304039
            },
            "sequence_stats": {
              "left_hand_detected_frames": 0,
              "right_hand_detected_frames": 17,
              "total_frames": 30
            }
          },
          {
            "expected": "1",
            "predicted": "Kuning",
            "correct": false,
            "confidence": 0.7956695556640625,
            "top3": [
              [
                "Kuning",
                0.7956695556640625
              ],
              [
                "1",
                0.16961345076560974
              ],
              [
                "3",
                0.008579405024647713
              ]
            ],
            "all_probabilities": {
              "1": 0.16961345076560974,
              "2": 0.005124462302774191,
              "3": 0.008579405024647713,
              "4": 0.0002471694315318018,
              "5": 5.289555701892823e-05,
              "A": 0.0018896689871326089,
              "B": 9.657265991336317e-07,
              "Biru": 1.9291668650112115e-05,
              "C": 6.263598334044218e-05,
              "D": 0.001282744575291872,
              "E": 0.006691543385386467,
              "Hijau": 0.00033901972346939147,
              "Hitam": 0.0011837923666462302,
              "Idle": 0.0016089229611679912,
              "Kuning": 0.7956695556640625,
              "Merah": 0.006981927901506424,
              "Sama-sama": 0.00016925383533816785,
              "Selamat malam": 0.00010149677109438926,
              "Selamat pagi": 4.1746494389371946e-05,
              "Selamat petang": 0.0003272432368248701,
              "Terima kasih": 1.2919960681756493e-05
            },
            "capture_time": 2.039299964904785,
            "analysis": {
              "mean_z_score": 0.7427780784668582,
              "max_z_score": 8.080608139177805,
              "live_left_hand_rate": 0.0,
              "live_right_hand_rate": 0.8333333333333334,
              "train_left_hand_rate": 0.0,
              "train_right_hand_rate": 0.5933333333333334,
              "pose_diff": 1.1680972089518307,
              "left_hand_diff": 0.0,
              "right_hand_diff": 0.5944113121080598
            },
            "sequence_stats": {
              "left_hand_detected_frames": 0,
              "right_hand_detected_frames": 25,
              "total_frames": 30
            }
          },
          {
            "expected": "1",
            "predicted": "Kuning",
            "correct": false,
            "confidence": 0.9730149507522583,
            "top3": [
              [
                "Kuning",
                0.9730149507522583
              ],
              [
                "1",
                0.01873481273651123
              ],
              [
                "Merah",
                0.004632247611880302
              ]
            ],
            "all_probabilities": {
              "1": 0.01873481273651123,
              "2": 0.0002775072352960706,
              "3": 0.0009995430009439588,
              "4": 3.932089020963758e-05,
              "5": 8.705424079380464e-06,
              "A": 0.00023389320995192975,
              "B": 9.336964268413794e-08,
              "Biru": 8.20974582893541e-06,
              "C": 1.2299279660510365e-05,
              "D": 0.00018842823919840157,
              "E": 0.0008660274907015264,
              "Hijau": 0.0001967864081962034,
              "Hitam": 0.0001694286911515519,
              "Idle": 0.0003406478790566325,
              "Kuning": 0.9730149507522583,
              "Merah": 0.004632247611880302,
              "Sama-sama": 0.00010885376832447946,
              "Selamat malam": 3.642790761659853e-05,
              "Selamat pagi": 7.633184395672288e-06,